{"cameraMode":{"drawMode":0,"name":"Shaded","section":"Shading Mode"},"sceneLighting":true,"audioPlay":false,"sceneViewState":{"m_AlwaysRefresh":false,"showFog":true,"showSkybox":true,"showFlares":true,"showImageEffects":true,"showParticleSystems":true,"showVisualEffectGraphs":true,"m_FxEnabled":false},"in2DMode":false,"pivot":{"x":-162.1218719482422,"y":5.794347763061523,"z":93.08753967285156},"rotation":{"x":-0.1660502403974533,"y":0.0038337528239935638,"z":-0.0008298124303109944,"w":-0.9862116575241089},"size":21.903318405151368,"orthographic":false}